<application>
  <component name="ActionMacroManager">
    <macro name="Format on Save">
      <action id="ReformatCode" />
      <action id="OptimizeImports" />
      <action id="RearrangeCode" />
      <action id="SaveAll" />
    </macro>
    <macro name="Down10">
      <action id="EditorDown" />
      <action id="EditorDown" />
      <action id="EditorDown" />
      <action id="EditorDown" />
      <action id="EditorDown" />
      <action id="EditorDown" />
      <action id="EditorDown" />
      <action id="EditorDown" />
      <action id="EditorDown" />
      <action id="EditorDown" />
    </macro>
    <macro name="Up10">
      <action id="EditorUp" />
      <action id="EditorUp" />
      <action id="EditorUp" />
      <action id="EditorUp" />
      <action id="EditorUp" />
      <action id="EditorUp" />
      <action id="EditorUp" />
      <action id="EditorUp" />
      <action id="EditorUp" />
      <action id="EditorUp" />
    </macro>
  </component>
</application>