<keymap version="1" name="Default for macOS copy" parent="Mac OS X 10.5+">
  <action id="Annotate">
    <keyboard-shortcut first-keystroke="alt h" />
  </action>
  <action id="CloseAllEditorsButActive">
    <keyboard-shortcut first-keystroke="shift meta w" />
  </action>
  <action id="CopyElement" />
  <action id="Git.CompareWithBranch">
    <keyboard-shortcut first-keystroke="alt b" />
  </action>
  <action id="Macro.Down10">
    <keyboard-shortcut first-keystroke="ctrl down" />
  </action>
  <action id="Macro.Format on Save">
    <keyboard-shortcut first-keystroke="meta s" />
  </action>
  <action id="Macro.Up10">
    <keyboard-shortcut first-keystroke="ctrl up" />
  </action>
  <action id="ProjectViewChangeView" />
  <action id="SaveAll" />
  <action id="SelectIn" />
  <action id="SelectInProjectView">
    <keyboard-shortcut first-keystroke="shift meta 1" />
    <keyboard-shortcut first-keystroke="alt f1" />
  </action>
  <action id="android.deploy.ApplyChanges">
    <keyboard-shortcut first-keystroke="ctrl meta r" />
  </action>
  <action id="android.deploy.CodeSwap">
    <keyboard-shortcut first-keystroke="shift ctrl meta r" />
  </action>
  <action id="copilot.applyInlays">
    <keyboard-shortcut first-keystroke="shift ctrl alt k" />
  </action>
  <action id="copilot.cycleNextInlays">
    <keyboard-shortcut first-keystroke="shift ctrl alt l" />
  </action>
  <action id="copilot.cyclePrevInlays">
    <keyboard-shortcut first-keystroke="shift ctrl alt j" />
  </action>
  <action id="copilot.enableCopilot">
    <keyboard-shortcut first-keystroke="shift ctrl alt i" />
  </action>
  <action id="copilot.requestCompletions" />
  <action id="linessorter.sort">
    <keyboard-shortcut first-keystroke="shift alt l" />
    <keyboard-shortcut first-keystroke="f5" />
  </action>
</keymap>